Workbook

Sheet Dashboard
A1: ELV SALES PERFORMANCE DASHBOARD — [Salesperson Name]
A2: Auto-calculated from Daily Log · Inquiry & Proposal Tracker · Win/Loss Register | Reporting Month: [Month Year]
A4: Salesperson: | D4: [Enter Name] | G4: Month: | J4: [Month / Year]
A6: ▶ ACTIVITY → INQUIRY → PROPOSAL → WIN FUNNEL (This Month, Cumulative)
A7: Stage | B7: Count | C7: Target | D7: % of Target | E7: Conversion to Next | F7: Status
A8: Total Engagements (meetings + visits) | B8: =COUNTA('Daily Log'!A5:A500)-COUNTBLANK('Daily Log'!A5:A500) | C8: 20 | D8: =IFERROR(B8/C8,"—") | E8: =IFERROR(B9/B8,"—") | F8: =IF(ISNUMBER(B8),IF(B8>=C8,"✔ On Track","⚠ Below"),"—")
A9: Inquiries Generated | B9: =COUNTA('Inquiry & Proposals'!A5:A200)-COUNTBLANK('Inquiry & Proposals'!A5:A200) | C9: 5 | D9: =IFERROR(B9/C9,"—") | E9: =IFERROR(B10/B9,"—") | F9: =IF(ISNUMBER(B9),IF(B9>=C9,"✔ On Track","⚠ Below"),"—")
A10: Proposals Submitted | B10: =COUNTIF('Inquiry & Proposals'!K5:K200,"Proposal Submitted") | C10: 4 | D10: =IFERROR(B10/C10,"—") | E10: =IFERROR(B11/B10,"—") | F10: =IF(ISNUMBER(B10),IF(B10>=C10,"✔ On Track","⚠ Below"),"—")
A11: Projects Won | B11: =COUNTIF('Win-Loss Register'!E5:E200,"Won") | C11: 2 | D11: =IFERROR(B11/C11,"—") | E11: — | F11: =IF(ISNUMBER(B11),IF(B11>=C11,"✔ On Track","⚠ Below"),"—")
A12: Projects Lost | B12: =COUNTIF('Win-Loss Register'!E5:E200,"Lost") | C12: — | D12: — | E12: — | F12: —
A14: ▶ WEEKLY ENGAGEMENT TRACKER (Cumulative — auto-builds as Daily Log is filled)
A15: Week | B15: Week Start | C15: Week End | D15: Engagements | E15: Inquiries | F15: Proposals | G15: Wins | H15: Cumul. Engagements | I15: Cumul. Inquiries | J15: Cumul. Proposals | K15: Cumul. Wins
A16: Week 1 | C16: =IFERROR(B16+6,"") | D16: =IFERROR(COUNTIFS('Daily Log'!A:A,">="&B16,'Daily Log'!A:A,"<="&C16),0) | E16: =IFERROR(COUNTIFS('Inquiry & Proposals'!B:B,">="&B16,'Inquiry & Proposals'!B:B,"<="&C16),0) | F16: =IFERROR(COUNTIFS('Inquiry & Proposals'!B:B,">="&B16,'Inquiry & Proposals'!B:B,"<="&C16,'Inquiry & Proposals'!K:K,"Proposal Submitted"),0) | G16: =IFERROR(COUNTIFS('Win-Loss Register'!B:B,">="&B16,'Win-Loss Register'!B:B,"<="&C16,'Win-Loss Register'!E:E,"Won"),0) | H16: =D16 | I16: =E16 | J16: =F16 | K16: =G16
A17: Week 2 | C17: =IFERROR(B17+6,"") | D17: =IFERROR(COUNTIFS('Daily Log'!A:A,">="&B17,'Daily Log'!A:A,"<="&C17),0) | E17: =IFERROR(COUNTIFS('Inquiry & Proposals'!B:B,">="&B17,'Inquiry & Proposals'!B:B,"<="&C17),0) | F17: =IFERROR(COUNTIFS('Inquiry & Proposals'!B:B,">="&B17,'Inquiry & Proposals'!B:B,"<="&C17,'Inquiry & Proposals'!K:K,"Proposal Submitted"),0) | G17: =IFERROR(COUNTIFS('Win-Loss Register'!B:B,">="&B17,'Win-Loss Register'!B:B,"<="&C17,'Win-Loss Register'!E:E,"Won"),0) | H17: =H16+D17 | I17: =I16+E17 | J17: =J16+F17 | K17: =K16+G17
A18: Week 3 | C18: =IFERROR(B18+6,"") | D18: =IFERROR(COUNTIFS('Daily Log'!A:A,">="&B18,'Daily Log'!A:A,"<="&C18),0) | E18: =IFERROR(COUNTIFS('Inquiry & Proposals'!B:B,">="&B18,'Inquiry & Proposals'!B:B,"<="&C18),0) | F18: =IFERROR(COUNTIFS('Inquiry & Proposals'!B:B,">="&B18,'Inquiry & Proposals'!B:B,"<="&C18,'Inquiry & Proposals'!K:K,"Proposal Submitted"),0) | G18: =IFERROR(COUNTIFS('Win-Loss Register'!B:B,">="&B18,'Win-Loss Register'!B:B,"<="&C18,'Win-Loss Register'!E:E,"Won"),0) | H18: =H17+D18 | I18: =I17+E18 | J18: =J17+F18 | K18: =K17+G18
A19: Week 4 | C19: =IFERROR(B19+6,"") | D19: =IFERROR(COUNTIFS('Daily Log'!A:A,">="&B19,'Daily Log'!A:A,"<="&C19),0) | E19: =IFERROR(COUNTIFS('Inquiry & Proposals'!B:B,">="&B19,'Inquiry & Proposals'!B:B,"<="&C19),0) | F19: =IFERROR(COUNTIFS('Inquiry & Proposals'!B:B,">="&B19,'Inquiry & Proposals'!B:B,"<="&C19,'Inquiry & Proposals'!K:K,"Proposal Submitted"),0) | G19: =IFERROR(COUNTIFS('Win-Loss Register'!B:B,">="&B19,'Win-Loss Register'!B:B,"<="&C19,'Win-Loss Register'!E:E,"Won"),0) | H19: =H18+D19 | I19: =I18+E19 | J19: =J18+F19 | K19: =K18+G19
A20: Week 5 | C20: =IFERROR(B20+6,"") | D20: =IFERROR(COUNTIFS('Daily Log'!A:A,">="&B20,'Daily Log'!A:A,"<="&C20),0) | E20: =IFERROR(COUNTIFS('Inquiry & Proposals'!B:B,">="&B20,'Inquiry & Proposals'!B:B,"<="&C20),0) | F20: =IFERROR(COUNTIFS('Inquiry & Proposals'!B:B,">="&B20,'Inquiry & Proposals'!B:B,"<="&C20,'Inquiry & Proposals'!K:K,"Proposal Submitted"),0) | G20: =IFERROR(COUNTIFS('Win-Loss Register'!B:B,">="&B20,'Win-Loss Register'!B:B,"<="&C20,'Win-Loss Register'!E:E,"Won"),0) | H20: =H19+D20 | I20: =I19+E20 | J20: =J19+F20 | K20: =K19+G20
A21: Week 6 | C21: =IFERROR(B21+6,"") | D21: =IFERROR(COUNTIFS('Daily Log'!A:A,">="&B21,'Daily Log'!A:A,"<="&C21),0) | E21: =IFERROR(COUNTIFS('Inquiry & Proposals'!B:B,">="&B21,'Inquiry & Proposals'!B:B,"<="&C21),0) | F21: =IFERROR(COUNTIFS('Inquiry & Proposals'!B:B,">="&B21,'Inquiry & Proposals'!B:B,"<="&C21,'Inquiry & Proposals'!K:K,"Proposal Submitted"),0) | G21: =IFERROR(COUNTIFS('Win-Loss Register'!B:B,">="&B21,'Win-Loss Register'!B:B,"<="&C21,'Win-Loss Register'!E:E,"Won"),0) | H21: =H20+D21 | I21: =I20+E21 | J21: =J20+F21 | K21: =K20+G21
A22: Week 7 | C22: =IFERROR(B22+6,"") | D22: =IFERROR(COUNTIFS('Daily Log'!A:A,">="&B22,'Daily Log'!A:A,"<="&C22),0) | E22: =IFERROR(COUNTIFS('Inquiry & Proposals'!B:B,">="&B22,'Inquiry & Proposals'!B:B,"<="&C22),0) | F22: =IFERROR(COUNTIFS('Inquiry & Proposals'!B:B,">="&B22,'Inquiry & Proposals'!B:B,"<="&C22,'Inquiry & Proposals'!K:K,"Proposal Submitted"),0) | G22: =IFERROR(COUNTIFS('Win-Loss Register'!B:B,">="&B22,'Win-Loss Register'!B:B,"<="&C22,'Win-Loss Register'!E:E,"Won"),0) | H22: =H21+D22 | I22: =I21+E22 | J22: =J21+F22 | K22: =K21+G22
A23: Week 8 | C23: =IFERROR(B23+6,"") | D23: =IFERROR(COUNTIFS('Daily Log'!A:A,">="&B23,'Daily Log'!A:A,"<="&C23),0) | E23: =IFERROR(COUNTIFS('Inquiry & Proposals'!B:B,">="&B23,'Inquiry & Proposals'!B:B,"<="&C23),0) | F23: =IFERROR(COUNTIFS('Inquiry & Proposals'!B:B,">="&B23,'Inquiry & Proposals'!B:B,"<="&C23,'Inquiry & Proposals'!K:K,"Proposal Submitted"),0) | G23: =IFERROR(COUNTIFS('Win-Loss Register'!B:B,">="&B23,'Win-Loss Register'!B:B,"<="&C23,'Win-Loss Register'!E:E,"Won"),0) | H23: =H22+D23 | I23: =I22+E23 | J23: =J22+F23 | K23: =K22+G23
A24: Week 9 | C24: =IFERROR(B24+6,"") | D24: =IFERROR(COUNTIFS('Daily Log'!A:A,">="&B24,'Daily Log'!A:A,"<="&C24),0) | E24: =IFERROR(COUNTIFS('Inquiry & Proposals'!B:B,">="&B24,'Inquiry & Proposals'!B:B,"<="&C24),0) | F24: =IFERROR(COUNTIFS('Inquiry & Proposals'!B:B,">="&B24,'Inquiry & Proposals'!B:B,"<="&C24,'Inquiry & Proposals'!K:K,"Proposal Submitted"),0) | G24: =IFERROR(COUNTIFS('Win-Loss Register'!B:B,">="&B24,'Win-Loss Register'!B:B,"<="&C24,'Win-Loss Register'!E:E,"Won"),0) | H24: =H23+D24 | I24: =I23+E24 | J24: =J23+F24 | K24: =K23+G24
A25: Week 10 | C25: =IFERROR(B25+6,"") | D25: =IFERROR(COUNTIFS('Daily Log'!A:A,">="&B25,'Daily Log'!A:A,"<="&C25),0) | E25: =IFERROR(COUNTIFS('Inquiry & Proposals'!B:B,">="&B25,'Inquiry & Proposals'!B:B,"<="&C25),0) | F25: =IFERROR(COUNTIFS('Inquiry & Proposals'!B:B,">="&B25,'Inquiry & Proposals'!B:B,"<="&C25,'Inquiry & Proposals'!K:K,"Proposal Submitted"),0) | G25: =IFERROR(COUNTIFS('Win-Loss Register'!B:B,">="&B25,'Win-Loss Register'!B:B,"<="&C25,'Win-Loss Register'!E:E,"Won"),0) | H25: =H24+D25 | I25: =I24+E25 | J25: =J24+F25 | K25: =K24+G25
A26: Week 11 | C26: =IFERROR(B26+6,"") | D26: =IFERROR(COUNTIFS('Daily Log'!A:A,">="&B26,'Daily Log'!A:A,"<="&C26),0) | E26: =IFERROR(COUNTIFS('Inquiry & Proposals'!B:B,">="&B26,'Inquiry & Proposals'!B:B,"<="&C26),0) | F26: =IFERROR(COUNTIFS('Inquiry & Proposals'!B:B,">="&B26,'Inquiry & Proposals'!B:B,"<="&C26,'Inquiry & Proposals'!K:K,"Proposal Submitted"),0) | G26: =IFERROR(COUNTIFS('Win-Loss Register'!B:B,">="&B26,'Win-Loss Register'!B:B,"<="&C26,'Win-Loss Register'!E:E,"Won"),0) | H26: =H25+D26 | I26: =I25+E26 | J26: =J25+F26 | K26: =K25+G26
A27: Week 12 | C27: =IFERROR(B27+6,"") | D27: =IFERROR(COUNTIFS('Daily Log'!A:A,">="&B27,'Daily Log'!A:A,"<="&C27),0) | E27: =IFERROR(COUNTIFS('Inquiry & Proposals'!B:B,">="&B27,'Inquiry & Proposals'!B:B,"<="&C27),0) | F27: =IFERROR(COUNTIFS('Inquiry & Proposals'!B:B,">="&B27,'Inquiry & Proposals'!B:B,"<="&C27,'Inquiry & Proposals'!K:K,"Proposal Submitted"),0) | G27: =IFERROR(COUNTIFS('Win-Loss Register'!B:B,">="&B27,'Win-Loss Register'!B:B,"<="&C27,'Win-Loss Register'!E:E,"Won"),0) | H27: =H26+D27 | I27: =I26+E27 | J27: =J26+F27 | K27: =K26+G27
A28: TOTAL / CUMULATIVE | D28: =SUM(D16:D27) | E28: =SUM(E16:E27) | F28: =SUM(F16:F27) | G28: =SUM(G16:G27) | H28: =IFERROR(H27,0) | I28: =IFERROR(I27,0) | J28: =IFERROR(J27,0) | K28: =IFERROR(K27,0)
A51: ▶ MANAGER MONTHLY REVIEW (Completed by Sales Manager Only)
A52: Assessment Area | B52: Score (1–5) | C52: Manager Comments / Observations | D52: Action Required | E52: Review Date
A53: Volume & consistency of daily engagements
A54: Quality of inquiry generation from meetings
A55: Proposal track selection (In-house vs Subcontract) appropriateness
A56: Subcontractor evaluation rigour (pricing, quality, margin)
A57: Follow-up discipline — pending items actioned on time
A58: Win/Loss analysis — lessons identified and applied
A59: OVERALL VERDICT | B59: =IFERROR(AVERAGE(B53:B58),"") | C59: [Overall manager comments]

Sheet Daily Log
A1: DAILY ACTIVITY LOG — [Salesperson Name]
A2: Log EVERY engagement. Every row must have a Follow-up Date and Inquiry ID if applicable. Column P reviewed by Manager.
A4: Date | B4: Activity Type | C4: Company / Project | D4: Contact Person | E4: Designation | F4: Inquiry Source | G4: Purpose / Discussion Summary | H4: Project Stage | I4: Est. Value (AED) | J4: Key Outcome Achieved | K4: Inquiry Raised? (Y/N) | L4: Inquiry ID (link to tracker) | M4: Next Action | N4: Follow-up Date | O4: GPS+Photo? | P4: Productive? (Manager)

Sheet Inquiry & Proposals
A1: INQUIRY & PROPOSAL TRACKER — [Salesperson Name]
A2: TWO TRACKS: In-House (Estimation Team) | Subcontractor (get 3-4 quotes, add 25% margin) · Link every inquiry back to the Activity ID
A4: Inquiry ID | B4: Date Received | C4: Project Name | D4: Client / End User | E4: Inquiry Source | F4: Activity ID (from Daily Log) | G4: ELV Scope Summary | H4: Est. Value (AED) | I4: Proposal Track | J4: Sent to Estimation? (In-house) | K4: Estimation Return Date | L4: Sub Quote Log ID (Subcontract) | M4: Subcontract Margin Applied | N4: Proposal Value (AED) | O4: Submission Date | P4: Proposal Status | Q4: Expected Decision | R4: Next Action
A5: =IFERROR(IF(C5<>"","INQ-"&TEXT(ROW()-4,"000"),""),"") | M5: 25%
A6: =IFERROR(IF(C6<>"","INQ-"&TEXT(ROW()-4,"000"),""),"") | M6: 25%
A7: =IFERROR(IF(C7<>"","INQ-"&TEXT(ROW()-4,"000"),""),"") | M7: 25%
A8: =IFERROR(IF(C8<>"","INQ-"&TEXT(ROW()-4,"000"),""),"") | M8: 25%
A9: =IFERROR(IF(C9<>"","INQ-"&TEXT(ROW()-4,"000"),""),"") | M9: 25%
A10: =IFERROR(IF(C10<>"","INQ-"&TEXT(ROW()-4,"000"),""),"") | M10: 25%
A11: =IFERROR(IF(C11<>"","INQ-"&TEXT(ROW()-4,"000"),""),"") | M11: 25%
A12: =IFERROR(IF(C12<>"","INQ-"&TEXT(ROW()-4,"000"),""),"") | M12: 25%
A13: =IFERROR(IF(C13<>"","INQ-"&TEXT(ROW()-4,"000"),""),"") | M13: 25%
A14: =IFERROR(IF(C14<>"","INQ-"&TEXT(ROW()-4,"000"),""),"") | M14: 25%
A15: =IFERROR(IF(C15<>"","INQ-"&TEXT(ROW()-4,"000"),""),"") | M15: 25%
A16: =IFERROR(IF(C16<>"","INQ-"&TEXT(ROW()-4,"000"),""),"") | M16: 25%
... A64: =IFERROR(IF(C64<>"","INQ-"&TEXT(ROW()-4,"000"),""),"") | M64: 25%

Sheet Subcontractor Quotes
A1: SUBCONTRACTOR QUOTE LOG — [Salesperson Name]
A2: Minimum 3 quotes per inquiry | Evaluate on Price + Quality + Resources | 25% margin applied to winning quote before client submission
A4: Sub Quote Log ID | B4: Inquiry ID (link) | C4: Project Name | D4: Subcontractor Company | E4: Contact Person | F4: Quote # (1/2/3/4) | G4: Scope Covered | H4: Sub Quote Value (AED) | I4: Technical Compliance? | J4: Resources Rating (1–5) | K4: Delivery Timeline | L4: Recommended? (Y/N) | M4: Winning Sub Quote (AED) | N4: Margin % | O4: Final Proposal Value (AED) | P4: Evaluation Notes
A5: =IFERROR(IF(B5<>"","SQ-"&TEXT(ROUNDUP((ROW()-4)/4,0),"000"),""),"") | N5: 0.25 | O5: =IFERROR(IF(M5>0,M5*(1+N5),""),"")
A6: =IFERROR(IF(B6<>"","SQ-"&TEXT(ROUNDUP((ROW()-4)/4,0),"000"),""),"") | N6: 0.25 | O6: =IFERROR(IF(M6>0,M6*(1+N6),""),"")
A7: =IFERROR(IF(B7<>"","SQ-"&TEXT(ROUNDUP((ROW()-4)/4,0),"000"),""),"") | N7: 0.25 | O7: =IFERROR(IF(M7>0,M7*(1+N7),""),"")
A8: =IFERROR(IF(B8<>"","SQ-"&TEXT(ROUNDUP((ROW()-4)/4,0),"000"),""),"") | N8: 0.25 | O8: =IFERROR(IF(M8>0,M8*(1+N8),""),"")
A9: =IFERROR(IF(B9<>"","SQ-"&TEXT(ROUNDUP((ROW()-4)/4,0),"000"),""),"") | N9: 0.25 | O9: =IFERROR(IF(M9>0,M9*(1+N9),""),"")
A10: =IFERROR(IF(B10<>"","SQ-"&TEXT(ROUNDUP((ROW()-4)/4,0),"000"),""),"") | N10: 0.25 | O10: =IFERROR(IF(M10>0,M10*(1+N10),""),"")
A11: =IFERROR(IF(B11<>"","SQ-"&TEXT(ROUNDUP((ROW()-4)/4,0),"000"),""),"") | N11: 0.25 | O11: =IFERROR(IF(M11>0,M11*(1+N11),""),"")
A12: =IFERROR(IF(B12<>"","SQ-"&TEXT(ROUNDUP((ROW()-4)/4,0),"000"),""),"") | N12: 0.25 | O12: =IFERROR(IF(M12>0,M12*(1+N12),""),"")
A13: =IFERROR(IF(B13<>"","SQ-"&TEXT(ROUNDUP((ROW()-4)/4,0),"000"),""),"") | N13: 0.25 | O13: =IFERROR(IF(M13>0,M13*(1+N13),""),"")
A14: =IFERROR(IF(B14<>"","SQ-"&TEXT(ROUNDUP((ROW()-4)/4,0),"000"),""),"") | N14: 0.25 | O14: =IFERROR(IF(M14>0,M14*(1+N14),""),"")
A15: =IFERROR(IF(B15<>"","SQ-"&TEXT(ROUNDUP((ROW()-4)/4,0),"000"),""),"") | N15: 0.25 | O15: =IFERROR(IF(M15>0,M15*(1+N15),""),"")
A16: =IFERROR(IF(B16<>"","SQ-"&TEXT(ROUNDUP((ROW()-4)/4,0),"000"),""),"") | N16: 0.25 | O16: =IFERROR(IF(M16>0,M16*(1+N16),""),"")
... A84: =IFERROR(IF(B84<>"","SQ-"&TEXT(ROUNDUP((ROW()-4)/4,0),"000"),""),"") | N84: 0.25 | O84: =IFERROR(IF(M84>0,M84*(1+N84),""),"")

Sheet Win-Loss Register
A1: WIN / LOSS REGISTER — [Salesperson Name]
A2: Record every proposal outcome here — Win or Loss — with reason. This drives the Dashboard funnel and manager review.
A4: Inquiry ID (link) | B4: Decision Date | C4: Project Name | D4: Client | E4: Outcome (Won/Lost) | F4: Proposal Value (AED) | G4: Won Value (AED) | H4: Proposal Track | I4: Primary Loss Reason | J4: Secondary Loss Reason | K4: Win Reason (if won) | L4: Competitor (if lost) | M4: Lesson / Action Taken | N4: Manager Notes
A67: WIN / LOSS SUMMARY — Auto-Calculated
A68: Total Proposals Submitted: | G68: =COUNTA(A5:A64)-COUNTBLANK(A5:A64)
A69: Total Won: | G69: =COUNTIF(E5:E64,"Won")
A70: Total Lost: | G70: =COUNTIF(E5:E64,"Lost")
A71: Win Rate: | G71: =IFERROR(COUNTIF(E5:E64,"Won")/(COUNTA(A5:A64)-COUNTBLANK(A5:A64)),"—")
A72: Total Won Value (AED): | G72: =SUMIF(E5:E64,"Won",G5:G64)
A73: Lost: Price/Competitor: | G73: =COUNTIF(I5:I64,"Price / Competitor Cheaper")+COUNTIF(J5:J64,"Price / Competitor Cheaper")
A74: Lost: Relationship/Known Vendor: | G74: =COUNTIF(I5:I64,"Relationship / Known Vendor Preferred")+COUNTIF(J5:J64,"Relationship / Known Vendor Preferred")
A75: Lost: Late Submission: | G75: =COUNTIF(I5:I64,"Proposal Submitted Late")+COUNTIF(J5:J64,"Proposal Submitted Late")
A76: Lost: Scope Mismatch: | G76: =COUNTIF(I5:I64,"Scope Mismatch")+COUNTIF(J5:J64,"Scope Mismatch")
A77: Lost: Technical Disqualification: | G77: =COUNTIF(I5:I64,"Technical Disqualification")+COUNTIF(J5:J64,"Technical Disqualification")

Sheet Pending Follow-ups
A1: PENDING FOLLOW-UPS — [Salesperson Name] | Overdue items highlighted in RED automatically
A2: Review this sheet every Monday morning before starting the week · Overdue = Follow-up Date is BEFORE today and status is still open
A4: Follow-up Date | B4: Company / Project | C4: Contact Person | D4: What was agreed / next step | E4: Inquiry ID (if raised) | F4: Days Overdue | G4: Status | H4: Action Taken | I4: Completed? (Y/N) | J4: Manager Note
F5: =IFERROR(IF(A5="","",IF(I5="Yes","Done",TODAY()-A5)),"")
F6: =IFERROR(IF(A6="","",IF(I6="Yes","Done",TODAY()-A6)),"")
F7: =IFERROR(IF(A7="","",IF(I7="Yes","Done",TODAY()-A7)),"")
F8: =IFERROR(IF(A8="","",IF(I8="Yes","Done",TODAY()-A8)),"")
F9: =IFERROR(IF(A9="","",IF(I9="Yes","Done",TODAY()-A9)),"")
F10: =IFERROR(IF(A10="","",IF(I10="Yes","Done",TODAY()-A10)),"")
F11: =IFERROR(IF(A11="","",IF(I11="Yes","Done",TODAY()-A11)),"")
F12: =IFERROR(IF(A12="","",IF(I12="Yes","Done",TODAY()-A12)),"")
F13: =IFERROR(IF(A13="","",IF(I13="Yes","Done",TODAY()-A13)),"")
F14: =IFERROR(IF(A14="","",IF(I14="Yes","Done",TODAY()-A14)),"")
F15: =IFERROR(IF(A15="","",IF(I15="Yes","Done",TODAY()-A15)),"")
F16: =IFERROR(IF(A16="","",IF(I16="Yes","Done",TODAY()-A16)),"")
... F64: =IFERROR(IF(A64="","",IF(I64="Yes","Done",TODAY()-A64)),"")
A67: HOW TO USE: When you log a meeting in 'Daily Log' with a future follow-up date, copy the key details here manually. When Days Overdue > 0 and Status is Open = action required immediately.
